Mapped ESPN Team Name,Season,Adjusted Temo,Adjusted Tempo Rank,Raw Tempo,Raw Tempo Rank,Adjusted Offensive Efficiency,Adjusted Offensive Efficiency Rank,Raw Offensive Efficiency,Raw Offensive Efficiency Rank,Adjusted Defensive Efficiency,Adjusted Defensive Efficiency Rank,Raw Defensive Efficiency,Raw Defensive Efficiency Rank,Avg Possession Length (Offense),Avg Possession Length (Offense) Rank,Avg Possession Length (Defense),Avg Possession Length (Defense) Rank,eFGPct,RankeFGPct,TOPct,RankTOPct,ORPct,RankORPct,FTRate,RankFTRate,OffFT,RankOffFT,Off2PtFG,RankOff2PtFG,Off3PtFG,RankOff3PtFG,DefFT,RankDefFT,Def2PtFG,RankDef2PtFG,Def3PtFG,RankDef3PtFG,Tempo,RankTempo,AdjTempo,RankAdjTempo,OE,RankOE,AdjOE,RankAdjOE,DE,RankDE,AdjDE,RankAdjDE,AdjEM,RankAdjEM,FG2Pct,RankFG2Pct,FG3Pct,RankFG3Pct,FTPct,RankFTPct,BlockPct,RankBlockPct,OppFG2Pct,RankOppFG2Pct,OppFG3Pct,RankOppFG3Pct,OppFTPct,RankOppFTPct,OppBlockPct,RankOppBlockPct,FG3Rate,RankFG3Rate,OppFG3Rate,RankOppFG3Rate,ARate,RankARate,OppARate,RankOppARate,StlRate,RankStlRate,OppStlRate,RankOppStlRate,AvgHeight,RankAvgHeight,CenterHeight,RankCenterHeight,PFHeight,RankPFHeight,SFHeight,RankSFHeight,SGHeight,RankSGHeight,PGHeight,RankPGHeight,EffectiveHeight,RankEffectiveHeight,Experience,RankExperience,Bench,BenchRank,CenterPts,RankCenterPts,PFPts,RankPFPts,SFPts,RankSFPts,SGPts,RankSGPts,PGPts,RankPGPts,CenterOR,RankCenterOR,PFOR,RankPFOR,SFOR,RankSFOR,SGOR,RankSGOR,PGOR,RankPGOR,CenterDR,RankCenterDR,PFDR,RankPFDR,SFDR,RankSFDR,SGDR,RankSGDR,PGDR,RankPGDR,Net Rating,Net Rating Rank,Active Coaching Length Index,Seed,Post-Season Tournament,Post-Season Tournament Sorting Index,Vulnerable Top 2 Seed?,Tournament Winner?,Tournament Championship?,Final Four?
St. Francis (PA),2025,66.9,201,66.6,254,99.7,299,100.2,310,112.4,293,107.9,223,18.1,247.0,17.9,252.0,51.5643447461629,133,19.5772972044699,321,25.3507014028056,314,23.8488783943329,357,14.3627450980392,354,50.7843137254902,142,34.8529411764706,85,17.2413793103448,285,49.0018148820327,219,33.7568058076225,95,66.6493,254,66.9175,201,100.249,310,99.6743,299,107.927,223,112.435,293,-12.7611,311,52.5888324873096,118,33.4273624823695,194,72.5247524752475,167,6.72601384767557,315,53.4124629080119,280,32.2916666666667,92,74.5098039215686,300,9.23857868020305,167,41.85360094451,111,43.1703204047218,311,50.3311258278146,223,51.0152284263959,162,0.0907719293941587,232,0.122664769451566,355,76.3,317.0,-1.55,326.0,-1.59,343.0,-0.42,242.0,-0.7,271.0,-0.26,226.0,-1.57,343.0,0.644769,349.0,30.37,205.0,18.45,212.0,19.88,168.0,16.17,294.0,22.53,94.0,22.9,104.0,47.33,20.0,23.6,223.0,9.84,333.0,11.37,160.0,7.75,203.0,27.29,142.0,20.37,279.0,18.46,203.0,19.73,65.0,14.08,197.0,-12.700000000000005,7122,13.0,16,March Madness,1,No,No,No,No
Duke,2025,65.7,266,66.6,256,128.0,3,124.3,1,89.8,4,93.1,3,17.0,98.0,19.1,364.0,57.363184079602,5,14.4012015726466,20,35.1800554016621,35,32.089552238806,203,17.9943100995733,241,45.3058321479374,309,36.6998577524893,59,16.9596199524941,297,50.2612826603325,153,32.7790973871734,124,66.5794,256,65.7236,266,124.282,1,127.954,3,93.0646,3,89.7987,4,38.1553,1,58.0145719489982,8,37.719298245614,20,78.4496124031008,17,10.5824446267432,107,43.3962264150943,3,30.8724832214765,33,71.5430861723447,148,9.65391621129326,209,45.3731343283582,51,37.9327902240326,146,58.1039755351682,50,51.3833992094862,171,0.104254097274374,115,0.0803993462031188,20,79.76,1.0,2.7,10.0,1.44,41.0,1.44,31.0,2.68,2.0,4.53,1.0,2.07,11.0,1.95792,128.0,31.04,183.0,15.5,309.0,27.48,10.0,22.47,87.0,16.04,327.0,18.52,232.0,49.84,13.0,17.82,329.0,10.44,325.0,12.46,128.0,9.44,135.0,25.43,196.0,26.95,68.0,14.36,341.0,19.84,63.0,13.42,227.0,38.2,1,3.0,1,March Madness,1,No,No,No,No
Tennessee,2025,63.6,346,65.5,308,120.3,18,114.1,40,89.1,3,96.3,12,18.2,263.0,18.7,351.0,52.803738317757,85,15.9938899746164,98,35.4223433242507,30,35.4101765316719,111,19.952774498229,122,46.7532467532468,272,33.2939787485242,121,19.6920205319645,140,46.2902473168455,299,34.0177321511899,88,65.4662,308,63.6174,346,114.078,40,120.274,18,96.3317,12,89.1215,3,31.1525,5,54.1476754785779,66,34.0168878166466,166,74.3401759530792,105,16.1016949152542,5,46.7043314500942,29,27.8032036613272,1,74.0350877192982,278,9.11577028258888,160,43.0425752855659,82,45.1446280991736,340,60.1598173515982,28,46.5493910690122,52,0.106026911067682,103,0.0885055147471752,91,77.15,189.0,1.27,53.0,1.23,49.0,-0.39,238.0,0.68,95.0,-3.04,354.0,1.25,51.0,2.9304,14.0,25.27,311.0,16.91,253.0,19.44,189.0,27.81,12.0,15.85,332.0,19.96,182.0,34.81,203.0,33.36,55.0,7.79,350.0,15.83,55.0,8.18,185.0,28.17,114.0,23.89,159.0,17.32,240.0,16.93,153.0,13.65,215.0,31.200000000000003,29,10.0,2,March Madness,1,No,No,No,No
Houston,2025,61.4,360,62.4,360,123.2,10,116.9,18,87.8,2,91.9,1,19.5,344.0,18.8,354.0,52.6763381690845,89,14.6193081273638,27,36.1351819757366,15,28.1640820410205,317,16.5279429250892,311,50.8917954815696,138,32.5802615933413,146,21.2273641851107,56,43.7625754527163,341,35.010060362173,62,62.4183,360,61.4223,360,116.89,18,123.222,10,91.9137,1,87.7825,2,35.4396,3,49.0076335877863,268,39.7677793904209,4,74.0674955595027,112,15.8266129032258,6,43.8508064516129,5,30.8921438082557,35,70.9243697478992,121,6.56488549618321,8,34.4672336168084,296,43.0866322432587,308,44.4323144104804,331,55.0224887556222,265,0.124911809948994,28,0.0777229039682631,15,76.82,242.0,-1.39,304.0,0.2,144.0,-0.74,282.0,-0.21,207.0,0.24,166.0,-0.6,257.0,2.64574,40.0,29.83,221.0,15.24,314.0,18.66,217.0,19.18,199.0,21.57,131.0,25.35,49.0,46.22,24.0,26.63,169.0,9.12,340.0,13.43,108.0,4.6,334.0,26.46,160.0,20.71,268.0,17.52,231.0,23.31,11.0,11.99,300.0,35.400000000000006,6,11.0,1,March Madness,1,No,No,No,No
Florida,2025,69.6,59,70.8,44,128.6,1,120.4,5,92.4,10,97.7,20,16.3,42.0,17.5,145.0,55.0068902158934,37,15.0309598326664,38,38.1493506493507,8,32.5677537896187,189,17.5275482093664,272,47.6584022038568,241,34.8140495867769,88,20.4757858963466,90,50.4672897196262,141,29.0569243840272,280,70.8342,44,69.5872,59,120.446,5,128.599,1,97.6802,20,92.4369,10,36.1625,2,56.3517915309446,27,35.5110642781876,84,71.7912552891396,201,12.2874806800618,49,45.9041731066461,15,29.6103896103896,8,70.6744868035191,109,8.63192182410423,110,43.5920992191089,75,37.3062015503876,121,52.3809523809524,153,46.3503649635037,48,0.109202829723515,82,0.0884418354795011,90,77.93,79.0,1.52,39.0,1.89,17.0,-0.58,265.0,-0.01,189.0,0.8,113.0,1.71,22.0,2.42082,62.0,29.72,225.0,17.52,232.0,17.65,259.0,19.39,192.0,23.69,64.0,21.71,134.0,40.12,93.0,34.83,42.0,8.98,342.0,6.21,319.0,9.75,127.0,30.43,63.0,25.08,113.0,13.21,350.0,15.7,203.0,15.5,132.0,36.19999999999999,5,3.0,1,March Madness,1,No,No,No,No
UC San Diego,2025,65.6,271,66.9,235,115.2,57,116.4,19,96.5,30,93.8,4,17.4,147.0,18.4,340.0,55.4282596835788,32,13.4443582127873,7,25.6314312441534,307,33.7697763229678,156,18.5244587008821,209,41.5396952686447,356,39.9358460304731,15,19.0452511188463,175,43.659870711089,342,37.2948781700646,20,66.9426,235,65.6497,271,116.383,19,115.243,57,93.8414,4,96.4687,30,18.7742,36,56.0606060606061,31,36.5236523652365,57,74.6365105008078,93,7.465825446898,280,46.1619348054679,20,33.0687830687831,127,75.3937007874016,330,10.0649350649351,250,49.5908346972177,8,44.2882249560633,328,57.2941176470588,57,51.8142235123367,185,0.141912670023866,4,0.0695558810314344,4,77.58,117.0,-1.48,324.0,-1.09,305.0,0.41,129.0,1.5,34.0,2.55,10.0,-1.28,325.0,1.11787,295.0,23.08,335.0,16.81,259.0,16.42,301.0,25.17,36.0,24.86,39.0,16.71,290.0,32.64,239.0,23.01,236.0,24.62,39.0,6.07,322.0,13.6,45.0,24.69,218.0,18.44,319.0,24.45,40.0,19.71,66.0,12.65,274.0,18.700000000000003,580,12.0,12,March Madness,1,No,No,No,No
Auburn,2025,67.6,153,68.9,135,128.4,2,121.0,4,93.4,12,100.8,61,17.3,130.0,17.7,211.0,55.7114721811915,26,13.3689107077304,6,34.3443354148082,51,33.5302806499261,168,18.2146729309722,226,48.933863389953,195,32.8514636790748,138,23.8572050500653,12,50.9360034828037,121,25.206791467131,350,68.8568,135,67.5814,153,121.014,4,128.425,2,100.799,61,93.3782,12,35.0472,4,56.089478044739,30,36.7718446601942,40,74.0088105726872,115,16.4516129032258,4,47.1774193548387,41,29.1981845688351,5,73.4584450402145,259,7.45650372825186,31,40.5711472181192,139,34.7711730668069,51,55.5102040816327,91,40.2313624678663,6,0.100814736484524,143,0.0876649882474125,84,78.43,27.0,1.11,67.0,0.55,110.0,1.44,30.0,2.02,12.0,1.0,86.0,0.83,75.0,2.80085,25.0,33.9,109.0,20.94,118.0,21.07,127.0,18.42,225.0,19.27,245.0,20.29,167.0,45.93,25.0,30.84,87.0,12.63,282.0,5.31,339.0,5.25,314.0,29.62,80.0,24.58,136.0,16.71,267.0,16.22,183.0,12.85,257.0,35.0,8,11.0,1,March Madness,1,No,No,No,No
Alabama State,2025,67.7,142,69.1,120,101.4,270,104.0,228,110.6,256,104.2,129,16.7,66.0,17.9,260.0,47.0559845559846,327,13.2447436289723,5,28.2592313489073,229,29.8745173745174,274,18.1360201511335,234,45.088161209068,311,36.7758186397985,57,21.195652173913,57,47.8260869565217,255,30.9782608695652,200,69.0571,120,67.7449,142,103.998,228,101.409,270,104.201,129,110.646,256,-9.2374,273,45.3547297297297,344,32.8828828828829,222,69.7899838449111,270,8.38481906443072,227,50.4854368932039,159,33.4235453315291,157,69.9310344827586,61,9.12162162162162,161,42.8571428571429,85,39.4764957264957,203,45.3558504221954,320,50.3052503052503,139,0.110154303448879,76,0.0756218035581589,11,76.63,275.0,0.99,81.0,-1.77,349.0,-1.81,349.0,-0.71,272.0,0.43,145.0,-0.39,222.0,1.62317,210.0,36.16,65.0,13.23,349.0,15.43,324.0,21.81,110.0,24.77,40.0,24.74,62.0,38.63,118.0,24.37,207.0,18.36,168.0,7.33,293.0,11.25,93.0,20.87,322.0,23.92,158.0,30.5,3.0,11.28,351.0,13.4,231.0,-9.199999999999989,6369,3.0,16,March Madness,1,No,No,No,No
SIU Edwardsville,2025,65.8,261,67.2,227,101.9,255,104.6,214,106.2,160,100.4,48,17.6,169.0,17.9,255.0,48.9488636363636,271,17.1337838336841,180,31.7604355716878,124,33.0681818181818,177,18.6496694995279,201,50.6137865911237,152,30.7365439093484,197,19.7155468366846,138,48.0627758705248,247,32.2216772927906,145,67.1543,227,65.8164,261,104.645,214,101.883,255,100.352,48,106.2,160,-4.31673,217,47.7718360071301,296,34.012539184953,167,67.8694158075601,317,11.531190926276,72,46.3137996219282,23,32.9819277108434,123,70.2797202797203,82,8.02139037433155,63,36.25,251,38.5598141695703,170,51.394422310757,191,48.6600846262341,98,0.0925618207107074,215,0.0974853218123408,191,77.21,178.0,0.51,128.0,0.77,86.0,-1.11,305.0,-0.01,188.0,-0.12,206.0,0.64,93.0,1.53234,226.0,25.27,310.0,19.42,172.0,19.27,197.0,13.62,344.0,17.76,285.0,29.92,8.0,34.71,205.0,30.19,99.0,10.91,314.0,14.38,85.0,9.81,124.0,24.18,232.0,24.39,142.0,14.58,333.0,16.99,148.0,19.86,28.0,-4.299999999999997,5059,6.0,16,March Madness,1,No,No,No,No
Alabama,2025,74.9,1,76.3,1,126.5,4,118.7,9,96.6,32,106.1,176,14.9,4.0,16.5,12.0,56.3499529633114,15,16.6546624174913,149,34.718826405868,40,40.1222953904045,25,20.3192550714998,101,45.360824742268,304,34.3199201862321,103,19.9478972832155,124,52.9214737625605,57,27.130628954224,328,76.2512,1,74.8544,1,118.725,9,126.511,4,106.121,176,96.5793,32,29.9312,6,59.6675415573053,4,34.9949135300102,114,71.6295427901524,210,10.082304526749,129,48.7654320987654,94,30.7984790874525,30,70.4336399474376,91,12.2484689413823,344,46.2370649106303,41,35.1134846461949,58,54.093567251462,115,43.7106918238994,21,0.0789320493719969,321,0.101822343689876,234,78.08,59.0,1.61,33.0,3.13,1.0,0.24,144.0,-0.5,255.0,-0.12,206.0,2.37,5.0,2.98715,9.0,38.5,34.0,15.83,300.0,19.18,200.0,18.67,217.0,21.19,146.0,25.09,53.0,29.44,293.0,28.82,126.0,26.7,28.0,9.97,212.0,5.01,322.0,27.25,144.0,29.59,25.0,19.81,156.0,11.89,336.0,11.4,320.0,29.90000000000001,47,6.0,2,March Madness,1,No,No,No,No
VCU,2025,66.1,241,66.4,269,116.3,41,115.1,31,95.7,23,94.1,5,17.2,120.0,18.8,355.0,52.3505365355135,102,16.7841710256993,157,36.6723259762309,12,32.2432294328053,198,18.658197697499,200,44.3032949583168,329,37.0385073441842,51,22.6369365002424,29,49.1517207949588,213,28.2113427047988,305,66.3663,269,66.0864,241,115.109,31,116.302,41,94.1108,5,95.6956,23,20.6065,30,54.1747572815534,65,33.5490830636462,189,74.4849445324881,101,15.5765920826162,7,43.631669535284,4,30.5993690851735,23,71.9568567026194,171,7.66990291262136,42,47.3684210526316,27,35.3006681514477,67,56.5017261219793,74,46.077032810271,42,0.123720718671822,31,0.0982488060040937,200,78.09,58.0,0.61,109.0,2.15,11.0,0.03,177.0,1.09,63.0,0.56,138.0,1.38,40.0,2.65821,37.0,33.35,126.0,12.57,353.0,16.19,313.0,23.94,54.0,21.28,142.0,26.0,37.0,29.52,290.0,20.19,288.0,16.52,205.0,20.48,18.0,13.25,51.0,15.15,360.0,29.67,22.0,20.58,132.0,20.56,42.0,14.01,201.0,20.599999999999994,429,2.0,11,March Madness,1,No,No,No,No
Oklahoma,2025,68.5,106,70.0,74,119.0,21,112.6,56,100.7,70,106.8,190,16.7,65.0,17.6,172.0,54.9429657794677,38,17.2669342536595,186,26.4677574590953,277,39.5980445410103,29,22.2521137586472,32,44.8885472713297,315,32.8593389700231,137,20.3238866396761,103,49.7975708502024,177,29.8785425101215,246,70.0235,74,68.5262,106,112.581,56,119.044,21,106.757,190,100.679,70,18.3646,38,54.5794392523364,55,36.9649805447471,35,79.4238683127572,9,6.78571428571429,312,54.9107142857143,322,30.4832713754647,22,72.8592162554427,230,10.3738317757009,281,41.8794133623031,109,41.8785677218474,284,52.0138089758343,168,47.2706155632985,62,0.111650853068776,67,0.103428503424176,250,77.14,190.0,0.75,98.0,-0.36,223.0,-0.66,274.0,-0.33,239.0,0.28,161.0,0.2,146.0,2.29182,74.0,34.54,89.0,16.28,283.0,22.61,81.0,19.61,186.0,23.68,65.0,17.75,264.0,56.15,3.0,18.69,314.0,8.98,343.0,9.42,230.0,6.73,246.0,23.27,263.0,25.58,104.0,19.4,170.0,18.26,103.0,13.41,228.0,18.3,624,4.0,9,March Madness,1,No,No,No,No
Michigan,2025,69.4,65,70.6,51,116.0,47,109.8,100,93.7,14,100.2,44,15.9,22.0,18.1,300.0,54.4972208185953,51,19.8159065053263,328,33.1536388140162,81,34.967155128853,123,18.9402480270575,182,49.379932356257,186,31.6798196166855,177,18.3319570602808,230,49.4632535094963,192,32.204789430223,146,70.6185,51,69.4382,65,109.802,100,115.993,47,100.244,44,93.7176,14,22.2753,25,57.7328646748682,11,33.4126040428062,195,72.8323699421965,159,9.34150076569678,166,45.8652373660031,14,31.3253012048193,48,73.0263157894737,238,7.46924428822496,32,42.4962102071753,91,38.8576779026217,183,58.5287846481876,44,44.9359720605355,30,0.0769469438411418,325,0.102182231875065,240,79.11,5.0,3.3,3.0,3.13,2.0,0.1,166.0,1.37,44.0,1.65,46.0,3.21,2.0,2.25754,78.0,29.09,247.0,28.45,7.0,21.28,117.0,13.9,338.0,17.67,288.0,18.67,230.0,34.55,208.0,26.58,173.0,16.7,201.0,13.41,109.0,8.74,161.0,30.46,60.0,25.69,98.0,14.13,343.0,15.27,225.0,14.42,175.0,22.3,312,1.0,5,March Madness,1,No,No,No,No
Creighton,2025,67.0,192,67.6,192,116.9,34,110.8,81,98.2,42,102.2,81,17.6,174.0,17.6,193.0,55.7712215320911,24,18.0980816681334,246,26.9301470588235,266,28.4679089026915,313,15.7544956997654,329,46.5989053948397,276,37.6465989053948,45,11.3790186125212,364,56.0067681895093,14,32.6142131979695,131,67.6333,192,67.0276,192,110.76,81,116.919,34,102.225,81,98.2144,42,18.7041,37,60.507614213198,2,33.89651531151,177,73.2727272727273,139,10.7340720221607,99,45.8448753462604,13,32.6972010178117,111,71.3527851458886,137,10.8629441624365,303,49.0165631469979,10,35.2466367713005,63,63.2497273718648,6,43.3079434167573,19,0.0544238255414037,361,0.118350223796386,350,78.97,7.0,3.15,7.0,2.71,3.0,2.53,4.0,1.31,49.0,-0.89,266.0,2.93,3.0,2.65328,38.0,27.14,285.0,27.72,12.0,18.41,230.0,12.6,358.0,16.88,310.0,24.39,69.0,35.37,191.0,29.52,111.0,20.1,128.0,9.87,218.0,5.13,315.0,25.34,200.0,19.93,286.0,16.63,271.0,22.04,20.0,16.07,110.0,18.700000000000003,580,15.0,9,March Madness,1,No,No,No,No
UConn,2025,63.7,344,64.5,340,121.9,14,118.1,11,102.6,94,104.1,127,19.4,338.0,18.0,272.0,55.5349576271186,27,17.1228914547516,178,35.5750487329435,24,30.614406779661,256,17.8935003915427,251,48.6296006264683,210,33.476898981989,116,23.2071269487751,18,48.195991091314,243,28.5968819599109,295,64.5293,340,63.7042,344,118.148,11,121.927,14,104.135,127,102.589,94,19.3377,35,57.2878228782288,16,35.4477611940299,88,79.0657439446367,11,17.8571428571429,2,46.0034013605442,16,35.0819672131148,257,72.96918767507,235,8.85608856088561,139,42.5847457627119,90,34.1545352743561,36,64.0176600441501,3,44.2384105960265,24,0.0809866487724738,312,0.0860772381238864,62,78.17,48.0,0.57,118.0,0.75,88.0,1.89,11.0,0.44,133.0,1.18,76.0,0.66,92.0,1.7519,178.0,30.43,203.0,22.61,83.0,19.12,202.0,18.31,228.0,22.32,105.0,17.62,272.0,42.28,62.0,17.85,328.0,16.23,213.0,7.64,282.0,15.99,22.0,29.42,84.0,17.78,331.0,21.2,111.0,16.51,171.0,15.08,140.0,19.30000000000001,534,7.0,8,March Madness,1,No,No,No,No
Arkansas,2025,69.3,68,70.5,54,112.9,73,107.9,138,95.2,20,100.7,58,16.8,79.0,17.3,105.0,52.7315296566077,88,16.4960821804821,132,27.5611967361741,249,35.5359001040583,107,19.8180379746835,129,52.2943037974684,94,27.8876582278481,287,18.1005110732538,243,49.8296422487223,172,32.0698466780239,154,70.4614,54,69.331,68,107.931,138,112.929,73,100.726,58,95.2141,20,17.7145,40,54.3585526315789,62,33.28611898017,201,73.3528550512445,134,15.3526970954357,8,48.5477178423236,86,31.8932655654384,72,72.5255972696246,213,7.07236842105263,18,36.732570239334,241,39.5080321285141,204,53.2366071428571,134,48.5645933014354,97,0.107545886423403,92,0.0959772054137143,180,78.68,18.0,2.95,9.0,1.44,40.0,0.33,136.0,0.68,95.0,1.95,27.0,2.2,7.0,1.5731,221.0,35.22,79.0,21.29,108.0,23.64,52.0,17.29,262.0,17.97,281.0,19.78,189.0,32.32,245.0,33.5,53.0,19.49,142.0,8.28,269.0,6.39,269.0,30.76,53.0,25.87,90.0,17.39,235.0,13.28,306.0,12.66,273.0,17.700000000000003,670,1.0,10,March Madness,1,No,No,No,No
Troy,2025,66.3,229,66.8,243,107.7,153,108.6,126,100.8,71,98.9,30,18.2,256.0,17.6,167.0,50.0852272727273,222,19.9376044702716,333,38.5819521178637,6,37.7840909090909,49,21.5048975957257,57,46.5716829919858,278,31.9234194122885,163,18.2795698924731,232,49.4623655913978,193,32.258064516129,142,66.8214,243,66.2883,229,108.553,126,107.653,153,98.9402,30,100.778,71,6.87585,98,53.8619979402678,77,30.2915082382763,339,72.6315789473684,163,12.7853881278539,38,46.2100456621005,21,32.5925925925926,105,72.2007722007722,190,10.2986611740474,272,44.8295454545455,57,38.135593220339,153,55.6430446194226,88,50.9641873278237,161,0.136618451939149,7,0.111515414833723,314,77.8,92.0,-0.84,261.0,0.67,97.0,1.27,36.0,0.43,134.0,1.46,57.0,-0.08,193.0,1.08627,298.0,35.24,78.0,20.34,134.0,19.41,192.0,17.21,264.0,20.83,165.0,22.21,117.0,27.03,328.0,30.97,85.0,12.46,289.0,13.98,96.0,15.55,25.0,22.8,273.0,26.0,85.0,18.6,198.0,17.67,119.0,14.94,148.0,6.900000000000006,2329,6.0,14,March Madness,1,No,No,No,No
Grand Canyon,2025,71.4,14,72.6,13,107.8,149,107.8,140,100.6,67,95.8,10,16.2,31.0,17.1,66.0,51.2339055793991,148,18.4439523674207,271,32.5068870523416,99,43.9377682403433,7,23.9649681528662,9,52.3885350318471,87,23.6464968152866,349,20.0089726334679,119,51.861821444594,91,28.1292059219381,308,72.5662,13,71.4355,14,107.787,140,107.812,149,95.8496,10,100.594,67,7.21828,93,53.1502423263328,100,31.629392971246,285,73.5042735042735,129,13.0120481927711,35,46.425702811245,25,32.0552147239264,78,73.1147540983606,243,8.72374798061389,121,33.5836909871245,311,34.3700579862941,41,52.1028037383178,164,48.1575603557814,86,0.126963020947826,23,0.0939354783363984,157,78.13,52.0,0.22,161.0,1.02,59.0,1.08,47.0,0.68,95.0,1.61,48.0,0.62,96.0,2.61659,44.0,30.25,209.0,19.28,177.0,24.74,37.0,21.45,120.0,16.73,313.0,17.74,265.0,42.05,69.0,18.73,313.0,17.17,196.0,10.41,195.0,11.56,87.0,27.97,119.0,24.94,121.0,22.06,86.0,14.18,277.0,10.77,341.0,7.200000000000003,2276,5.0,13,March Madness,1,No,No,No,No
St. John's,2025,70.1,49,70.4,55,113.9,65,110.1,93,87.5,1,92.1,2,15.8,19.0,18.3,315.0,49.6856757970364,244,15.5613190070396,67,37.3292867981791,9,30.1751234845083,269,17.3019431988042,284,59.7159940209268,3,22.9820627802691,355,17.9464285714286,251,47.7678571428571,258,34.2857142857143,78,70.4189,55,70.1115,49,110.13,93,113.891,65,92.0927,2,87.5147,1,26.376,11,51.4819587628866,159,30.3703703703704,338,68.8988095238095,295,15.1411462788708,9,45.7656116338751,11,31.8012422360248,67,67.0,4,8.31185567010309,85,30.309833857207,346,40.7801418439716,252,53.6852589641434,120,55.8786346396966,284,0.128442633073978,20,0.0930385739574328,144,78.2,46.0,0.45,135.0,0.17,149.0,1.6,22.0,2.08,11.0,0.66,127.0,0.31,137.0,2.34857,68.0,25.71,305.0,20.48,129.0,18.12,243.0,25.57,31.0,18.86,256.0,16.92,283.0,38.07,134.0,22.94,237.0,20.22,126.0,10.29,200.0,8.41,176.0,20.87,321.0,16.08,350.0,24.87,37.0,20.47,44.0,17.65,65.0,26.40000000000001,122,2.0,2,March Madness,1,No,No,No,No
UNC Wilmington,2025,65.3,285,66.3,273,112.3,84,114.7,36,107.1,184,104.5,142,18.4,277.0,17.6,182.0,52.217414818821,106,15.9937517121591,97,35.4570637119114,28,37.8042184964846,48,21.4082214082214,59,51.6076516076516,112,26.984126984127,304,16.8378740509156,303,47.2532380527021,270,35.9088878963823,39,66.2844,273,65.3105,285,114.669,36,112.281,84,104.53,142,107.138,184,5.14302,105,53.728813559322,82,33.034379671151,212,75.2503576537911,76,10.5815061963775,108,50.4289799809342,157,34.3589743589744,214,68.0505415162455,11,9.49152542372881,195,36.1817198485668,253,42.646254784035,298,54.3859649122807,108,48.306148055207,90,0.0965220584378115,181,0.0867299655528161,68,77.99,72.0,1.12,66.0,-0.09,183.0,1.32,35.0,1.33,47.0,0.24,165.0,0.51,110.0,2.64427,42.0,37.66,47.0,27.48,13.0,16.34,308.0,16.86,276.0,17.28,298.0,22.01,124.0,39.18,108.0,24.15,209.0,19.71,135.0,11.32,165.0,5.58,303.0,24.25,230.0,18.89,303.0,26.92,17.0,18.16,107.0,11.74,307.0,5.200000000000003,2677,5.0,14,March Madness,1,No,No,No,No
Ole Miss,2025,68.0,130,69.3,102,117.8,31,110.7,82,95.8,25,102.6,89,16.9,87.0,17.7,209.0,51.084215834594,158,12.7528750901431,3,25.3544620517098,313,35.6026222894604,105,20.4554377699254,96,47.5068708284256,246,32.037691401649,161,21.588508660752,47,44.7824250105619,328,33.4600760456274,105,69.3352,102,68.0267,130,110.694,82,117.841,31,102.594,89,95.7529,25,22.0885,26,51.0118043844857,180,34.1279799247177,156,73.7960339943343,120,12.3540856031128,47,51.556420233463,210,32.7137546468402,114,70.4827586206897,97,11.2141652613828,316,40.1916288451841,151,43.9782016348774,323,53.363740022805,127,57.808564231738,314,0.125793665855153,25,0.0832840822213426,41,76.19,326.0,-0.87,265.0,-0.5,240.0,-0.9,293.0,-1.15,308.0,-1.68,320.0,-0.68,269.0,3.46982,3.0,30.44,201.0,24.81,35.0,21.13,124.0,13.48,348.0,21.48,134.0,19.1,212.0,35.79,185.0,33.51,52.0,18.41,167.0,9.27,236.0,3.02,363.0,30.12,70.0,21.64,234.0,17.95,223.0,16.89,155.0,13.4,230.0,22.0,339,2.0,6,March Madness,1,No,No,No,No
Akron,2025,71.4,16,72.5,15,113.7,66,115.8,22,107.1,183,104.6,145,15.8,21.0,17.1,65.0,55.4337231968811,31,16.5818244302683,139,33.0122591943958,86,26.8031189083821,333,15.3330852251582,342,46.594715295869,277,38.0721994789728,40,19.8847262247839,130,50.7204610951009,131,29.3948126801153,269,72.4588,15,71.3697,16,115.754,22,113.688,66,104.558,145,107.109,183,6.57909,99,55.842997323818,34,36.6272824919441,49,74.9090909090909,85,9.77814297452753,143,50.6162695152013,167,31.8607764390897,69,72.9607250755287,233,6.95807314897413,14,45.3703703703704,52,38.0346232179226,151,58.5315408479835,43,44.7306791569087,27,0.103958588397019,120,0.0988036170715467,206,75.06,361.0,-1.94,351.0,-3.51,364.0,-2.17,359.0,-1.36,327.0,-1.75,324.0,-2.72,364.0,1.39849,245.0,39.04,29.0,19.11,188.0,17.75,256.0,21.16,131.0,17.57,291.0,24.37,70.0,48.32,17.0,18.19,322.0,15.07,233.0,11.68,152.0,6.65,251.0,33.27,17.0,19.25,299.0,20.78,122.0,15.13,237.0,11.49,316.0,6.6000000000000085,2387,8.0,13,March Madness,1,No,No,No,No
Gonzaga,2025,70.2,46,70.5,53,123.6,9,121.2,3,96.3,29,97.5,18,15.6,14.0,18.4,337.0,55.7142857142857,25,13.2168185077957,4,32.6837909654562,95,30.8571428571429,250,18.1532004197272,232,56.4533053515215,17,25.3934942287513,326,17.9721496953873,249,50.3046127067015,151,31.7232375979112,160,70.5386,53,70.1636,46,121.239,3,123.56,9,97.5072,18,96.2736,29,27.2869,9,57.7666428060129,10,34.4238975817923,146,80.0925925925926,5,8.31918505942275,234,49.0662139219015,107,30.1863354037267,15,72.8395061728395,229,8.08876163206872,69,33.4761904761905,313,40.59505799294,242,61.8684461391802,10,48.4774665042631,94,0.106669499853914,99,0.0735212090626577,9,77.31,161.0,0.53,126.0,0.87,77.0,0.31,138.0,-0.27,216.0,-0.9,269.0,0.7,84.0,2.98306,10.0,31.73,168.0,26.62,16.0,25.44,29.0,14.0,337.0,19.22,247.0,14.65,337.0,39.39,101.0,39.5,13.0,10.15,330.0,6.73,308.0,4.16,347.0,23.52,252.0,33.57,3.0,17.29,242.0,13.31,304.0,12.24,290.0,27.3,100,26.0,8,March Madness,1,No,No,No,No
Iowa State,2025,68.6,102,69.5,95,119.4,20,113.8,41,92.4,9,96.5,14,16.5,53.0,18.0,288.0,54.5620437956204,50,16.8873371827582,162,32.1698113207547,110,38.4775808133472,40,21.078431372549,73,50.3016591251885,158,28.6199095022624,260,18.2546749777382,235,47.5512021371327,265,34.1941228851291,81,69.4841,95,68.5575,102,113.82,41,119.43,20,96.4765,14,92.4355,9,26.9947,10,55.0784475639967,45,35.7850070721358,68,75.7452574525745,60,10.2313167259786,119,47.508896797153,51,33.2036316472114,135,74.9542961608775,314,9.33113129644922,178,36.8613138686131,234,40.6860158311346,248,53.9130434782609,118,55.3164556962025,271,0.132778299986572,13,0.104847589633409,262,78.0,69.0,0.93,86.0,1.5,36.0,0.29,139.0,0.68,95.0,0.58,136.0,1.21,52.0,2.81471,24.0,29.94,214.0,19.31,175.0,21.64,103.0,14.59,327.0,24.66,41.0,19.77,190.0,45.61,28.0,19.09,307.0,15.59,225.0,7.63,283.0,12.04,74.0,24.25,231.0,25.89,89.0,19.52,165.0,18.47,95.0,11.84,304.0,27.0,107,4.0,3,March Madness,1,No,No,No,No
Yale,2025,67.2,184,68.8,140,115.1,59,117.7,12,104.0,117,102.3,84,17.6,172.0,17.2,68.0,54.7535211267606,41,14.3840062313384,19,33.1905781584582,79,32.0422535211268,204,17.7248677248677,262,54.4973544973545,45,27.7777777777778,292,18.3704453441296,227,41.0931174089069,358,40.5364372469636,3,68.7768,140,67.1761,184,117.741,12,115.086,59,102.348,84,104.041,117,11.0451,73,53.3678756476684,89,38.4615384615385,9,73.6263736263736,125,11.7578579743888,62,47.2642607683353,44,33.6696090794451,172,76.5822784810127,352,7.5993091537133,40,32.0422535211268,336,48.0024213075061,359,53.3816425120773,126,58.8410104011887,329,0.0820459561209918,306,0.0820459561209918,30,77.78,95.0,-0.77,248.0,-0.59,254.0,0.89,61.0,1.8,20.0,1.56,51.0,-0.68,268.0,1.71384,194.0,29.66,227.0,19.27,179.0,21.0,129.0,19.03,201.0,23.95,57.0,16.73,289.0,34.83,202.0,27.48,154.0,21.56,86.0,6.74,307.0,9.35,138.0,16.93,358.0,24.03,151.0,20.43,137.0,16.89,156.0,21.72,9.0,11.099999999999994,1631,26.0,13,March Madness,1,No,No,No,No
Arizona,2025,69.9,54,70.2,64,122.5,12,115.4,27,96.8,33,102.5,88,16.4,47.0,17.8,224.0,52.8785679729076,83,16.2250708546764,116,35.893011216566,19,36.5747460087083,72,21.3386110111551,63,53.6164087801367,65,25.0449802087082,331,17.6613885505481,266,46.5286236297199,290,35.809987819732,41,70.2006,64,69.8553,54,115.408,27,122.539,12,102.537,88,96.8145,33,25.7248,14,55.1443375277572,44,32.4022346368715,247,78.4391534391534,18,12.0362737015664,53,47.2382522671063,43,33.6,169,71.4285714285714,143,6.73575129533679,10,34.6395742622158,292,41.9061302681992,285,56.7041965199591,68,53.1718569780854,218,0.1089991939468,84,0.090693985803063,114,77.89,82.0,0.77,97.0,0.01,171.0,-0.02,184.0,0.68,95.0,1.99,24.0,0.39,127.0,2.72421,30.0,29.61,229.0,19.73,153.0,19.64,180.0,19.79,178.0,23.15,77.0,17.69,270.0,29.31,294.0,34.08,48.0,23.37,58.0,7.17,296.0,6.08,284.0,24.4,226.0,24.94,120.0,18.67,195.0,18.43,97.0,13.56,223.0,25.700000000000003,143,4.0,4,March Madness,1,No,No,No,No
New Mexico,2025,72.7,4,72.9,7,112.5,79,108.7,122,95.2,19,96.5,15,15.1,5.0,17.9,248.0,50.7715281234445,176,15.5719831941711,69,31.5490673154907,127,37.7799900447984,50,20.2813599062134,103,53.9273153575615,57,25.7913247362251,319,19.1611479028698,166,48.9183222958057,222,31.9205298013245,155,72.9099,7,72.6717,4,108.691,122,112.486,79,96.5138,15,95.1653,19,17.3208,41,50.6236243580338,198,34.0557275541796,162,68.3794466403162,307,14.2732811140122,14,48.2158398607485,72,33.8483146067416,186,66.6666666666667,2,9.53778429933969,202,32.1553011448482,334,38.2590005373455,157,51.5384615384615,183,59.4968553459119,336,0.117428069988832,39,0.094027548795405,158,78.48,25.0,0.61,109.0,2.19,10.0,2.11,9.0,0.57,124.0,0.88,97.0,1.4,35.0,2.4775,57.0,27.32,281.0,18.03,220.0,16.26,311.0,18.31,229.0,19.36,234.0,28.04,21.0,34.45,210.0,27.37,157.0,18.61,160.0,15.82,56.0,3.75,352.0,32.42,24.0,28.53,37.0,15.59,317.0,14.37,263.0,9.09,362.0,17.299999999999997,716,4.0,10,March Madness,1,No,No,No,No
Colorado State,2025,65.9,252,66.3,271,116.2,43,112.6,53,98.9,49,100.3,47,17.7,183.0,18.4,329.0,55.7805007991476,23,17.3642323123808,194,26.4114832535885,279,31.7527970165157,208,18.0609851446443,237,47.3807662236122,253,34.4800625488663,95,19.1144234984656,168,49.4519947391495,194,31.4335817623849,170,66.2955,271,65.9488,252,112.599,53,116.222,43,100.329,47,98.9281,49,17.2937,42,56.4771668219944,26,36.5671641791045,52,77.5167785234899,28,7.95262267343486,257,47.7157360406091,56,33.1024930747922,129,68.125,13,8.10810810810811,73,42.8343100692595,86,37.9201680672269,144,62.7777777777778,8,47.1980074719801,61,0.0762973844028853,328,0.091206068711495,123,77.19,183.0,-0.81,257.0,-0.14,203.0,0.53,115.0,0.55,125.0,-0.23,221.0,-0.47,238.0,2.39297,64.0,31.36,173.0,20.43,132.0,13.79,353.0,27.36,15.0,19.48,229.0,18.93,219.0,29.19,299.0,31.74,72.0,21.47,91.0,7.17,297.0,10.41,110.0,22.05,293.0,17.17,342.0,34.21,1.0,13.62,295.0,12.93,253.0,17.299999999999997,716,7.0,12,March Madness,1,No,No,No,No
BYU,2025,67.2,180,67.8,189,123.0,11,117.2,14,100.6,68,102.8,92,17.2,118.0,18.1,302.0,57.1827411167513,7,17.5533869808723,207,33.3030027297543,77,30.1522842639594,270,15.6811377245509,332,44.685628742515,323,39.6332335329341,18,17.058572039333,292,44.97648567764,325,37.9649422830269,15,67.7804,189,67.2231,180,117.204,14,123.001,11,102.804,92,100.608,68,22.3925,24,58.6444007858546,6,37.0798319327731,33,70.5387205387205,241,9.75609756097561,144,49.343339587242,115,34.7826086956522,243,70.6194690265487,107,8.44793713163065,94,48.3248730964467,15,44.3922796035472,331,59.7894736842105,33,52.0681265206813,191,0.103564983187147,126,0.0952271243712322,169,78.35,33.0,-0.15,201.0,0.96,61.0,0.76,89.0,1.56,33.0,2.6,9.0,0.4,124.0,1.92844,131.0,41.75,12.0,18.97,194.0,17.24,277.0,21.72,112.0,25.82,26.0,16.23,302.0,10.84,364.0,36.22,30.0,27.97,19.0,15.78,57.0,9.18,146.0,18.92,347.0,29.22,31.0,22.64,73.0,17.57,123.0,11.64,313.0,22.40000000000001,303,1.0,6,March Madness,1,No,No,No,No
Louisville,2025,68.7,90,69.0,121,118.1,29,113.4,44,95.5,21,99.7,37,17.0,96.0,17.7,214.0,53.3696729435084,72,16.5190111949211,135,32.2307039864292,108,34.4895936570862,135,19.3862275449102,155,44.685628742515,323,35.9281437125749,71,16.3038839095177,321,49.5091762697396,190,34.1869398207426,82,69.0231,121,68.7444,90,113.399,44,118.113,29,99.6724,37,95.4725,21,22.6404,23,56.9656488549618,19,32.9896907216495,216,74.4252873563218,102,8.06988352745424,249,48.2529118136439,74,33.7121212121212,176,71.4018691588785,141,9.73282442748092,217,48.0673934588702,19,39.7191574724173,214,51.9083969465649,174,46.6351829988194,53,0.0925744072106121,214,0.0934237136987828,148,78.01,67.0,1.61,33.0,0.41,119.0,0.89,61.0,0.23,156.0,0.88,97.0,1.01,62.0,3.17552,5.0,23.29,331.0,15.18,317.0,20.55,144.0,21.02,136.0,19.99,204.0,23.25,94.0,31.42,255.0,20.79,280.0,21.28,98.0,20.36,19.0,6.16,281.0,23.42,258.0,21.56,237.0,21.61,98.0,19.84,62.0,13.57,221.0,22.599999999999994,291,1.0,8,March Madness,1,No,No,No,No
Xavier,2025,69.1,74,69.5,100,115.5,52,111.6,67,98.3,44,101.4,69,16.4,46.0,18.0,274.0,53.9053905390539,55,16.0358237622767,100,25.197628458498,317,37.1837183718372,60,21.505806968362,56,46.7761313576292,271,31.7180616740088,173,16.6225749559083,310,52.2927689594356,76,31.0846560846561,191,69.453,100,69.0669,74,111.584,67,115.462,52,101.409,69,98.265,44,17.1966,43,51.3181019332162,166,38.8235294117647,6,79.4378698224852,8,7.15502555366269,293,50.511073253833,160,33.8616714697406,187,71.8095238095238,159,11.3356766256591,321,37.4037403740374,214,37.152034261242,118,63.9150943396226,4,56.0386473429952,286,0.109883360599445,77,0.0844225819239638,50,77.31,166.0,0.06,181.0,0.91,64.0,0.25,142.0,0.06,176.0,-0.77,258.0,0.49,114.0,3.53945,2.0,24.24,322.0,25.12,32.0,17.42,266.0,16.98,272.0,24.38,49.0,16.06,309.0,37.34,151.0,30.51,90.0,18.81,154.0,6.75,306.0,6.52,259.0,27.28,143.0,22.45,210.0,22.71,69.0,14.67,251.0,12.84,261.0,17.200000000000003,725,3.0,11,March Madness,1,No,No,No,No
Texas,2025,67.4,172,68.4,157,116.7,37,112.9,50,99.5,57,104.1,126,17.2,122.0,17.9,245.0,52.5347912524851,95,14.3577146245394,18,29.7854077253219,190,36.5805168986084,71,20.6599175103112,86,50.4686914135733,155,28.7964004499438,252,22.1498371335505,37,48.7785016286645,225,29.071661237785,279,68.4326,157,67.3509,172,112.903,50,116.676,37,104.089,126,99.5246,57,17.1517,44,51.8090839107005,146,35.9046283309958,66,74.8641304347826,86,11.7367168913561,64,47.5019825535289,50,33.2867132867133,144,70.1030927835052,71,8.16012317167052,76,35.4373757455268,272,36.1842105263158,91,47.470398277718,294,48.2676224611708,88,0.0906357206386854,233,0.0830121553513193,39,78.03,64.0,0.87,92.0,0.18,147.0,1.06,48.0,0.78,85.0,1.23,73.0,0.52,107.0,2.85357,21.0,32.04,159.0,16.68,268.0,18.67,215.0,28.21,9.0,17.63,289.0,18.8,227.0,42.53,60.0,31.33,82.0,7.48,352.0,13.62,102.0,5.0,324.0,23.6,246.0,25.92,87.0,17.31,241.0,21.95,23.0,11.2,326.0,17.200000000000003,725,3.0,11,March Madness,1,No,No,No,No
Maryland,2025,69.8,56,70.8,47,118.1,28,114.9,33,91.8,6,94.8,8,16.1,29.0,18.0,261.0,53.7837837837838,59,14.5094524815431,23,30.9586631486368,151,32.9238329238329,180,18.7755102040816,192,51.2801484230056,124,29.9443413729128,222,16.9154228855721,300,53.9122568973315,35,29.1723202170963,276,70.7574,47,69.7984,56,114.918,33,118.135,28,94.8324,8,91.7859,6,26.349,12,52.6275704493526,116,37.2576177285319,28,75.5223880597015,68,11.8914604948125,57,47.5658419792498,53,30.7142857142857,26,73.9130434782609,273,6.32140137090632,4,35.4791154791155,271,35.84229390681,82,50.4166666666667,220,49.1985203452528,111,0.110954636623565,70,0.0695600221909273,5,77.5,131.0,0.37,148.0,1.08,57.0,-0.61,270.0,0.55,126.0,0.08,185.0,0.72,81.0,2.15108,98.0,24.71,315.0,24.16,44.0,19.58,183.0,15.15,315.0,21.06,149.0,20.0,178.0,30.59,272.0,41.39,5.0,9.03,341.0,8.34,267.0,10.6,104.0,32.91,20.0,31.48,11.0,15.02,327.0,8.8,363.0,11.74,308.0,26.3,126,3.0,4,March Madness,1,No,No,No,No
High Point,2025,66.4,222,67.2,226,118.5,25,121.3,2,109.1,227,105.0,153,17.6,173.0,18.0,269.0,56.4158094206822,12,15.3326809609561,51,33.9882121807466,60,37.6285868976719,53,20.3059273422562,102,49.4072657743786,185,30.2868068833652,215,20.691182986265,80,50.5981391227293,132,28.7106778910058,290,67.1662,226,66.4099,222,121.342,2,118.451,25,104.975,153,109.146,227,9.30452,84,57.3712255772647,15,36.6158113730929,51,76.4028776978417,47,7.19178082191781,290,48.8869863013699,98,32.9268292682927,121,70.5438066465257,103,7.99289520426288,60,39.0362750406064,173,35.9649122807018,87,44.9450549450549,328,43.0749682337992,18,0.0870859220743126,267,0.0731892323816031,8,77.05,201.0,1.45,45.0,-0.12,199.0,-1.51,335.0,-0.51,257.0,-0.07,202.0,0.67,91.0,2.37143,67.0,37.38,53.0,15.3,312.0,23.38,61.0,15.58,308.0,22.83,85.0,22.88,105.0,46.96,21.0,28.63,131.0,8.49,345.0,9.11,244.0,6.77,245.0,36.69,5.0,18.74,311.0,15.62,315.0,14.79,248.0,14.12,192.0,9.400000000000006,1908,2.0,13,March Madness,1,No,No,No,No
Lipscomb,2025,65.9,257,67.3,218,112.7,75,115.5,25,103.2,100,100.7,57,17.6,162.0,17.9,250.0,55.916345624656,22,14.4361737199174,22,24.1310824230387,329,31.3703907539901,227,18.2622687047466,225,43.6041834271923,339,38.1335478680611,37,13.330258302583,360,55.8118081180812,16,30.8579335793358,207,67.3035,218,65.8671,257,115.488,25,112.664,75,100.691,57,103.178,100,9.48575,83,56.6945606694561,21,36.7015098722416,46,79.6491228070175,7,7.74938169826876,273,49.876339653751,137,31.0152990264256,40,67.0533642691415,5,10.1464435146444,255,47.3858007705008,26,37.2153209109731,119,54.4289044289044,106,39.4927536231884,5,0.099017345386613,160,0.0911514815007606,122,76.71,264.0,0.55,123.0,0.56,109.0,-2.11,356.0,-0.34,240.0,-1.12,287.0,0.55,103.0,2.68035,33.0,23.19,333.0,18.63,206.0,26.28,18.0,16.56,287.0,20.34,188.0,18.17,246.0,31.41,256.0,26.97,163.0,16.01,216.0,19.26,23.0,6.31,273.0,18.7,351.0,27.44,58.0,15.67,312.0,21.56,29.0,16.6,87.0,9.5,1890,6.0,14,March Madness,1,No,No,No,No
Wisconsin,2025,67.6,152,68.6,143,122.0,13,115.8,21,96.0,27,102.3,82,17.7,194.0,17.4,133.0,53.5835351089588,67,14.1044454930593,17,27.9624893435635,238,33.7530266343826,158,20.6810035842294,85,42.0071684587814,352,37.3118279569892,50,17.4847870182556,275,49.1683569979716,211,33.3468559837728,108,68.6302,143,67.5868,152,115.828,21,122.015,13,102.263,82,96.0401,27,25.9749,13,54.7152194211018,50,34.9094567404427,121,82.7833572453372,1,6.10510046367852,332,46.8315301391036,34,33.0120481927711,124,72.3154362416107,200,10.8309990662932,301,48.135593220339,18,39.0772128060264,189,54.876741693462,99,49.3181818181818,113,0.0750854304189331,333,0.0684480443045523,3,78.0,68.0,2.26,12.0,0.52,112.0,-0.11,191.0,0.69,94.0,0.62,130.0,1.39,37.0,2.60264,45.0,31.34,174.0,20.13,141.0,14.31,346.0,26.04,25.0,19.97,206.0,19.5,199.0,36.22,173.0,25.36,195.0,13.5,265.0,9.43,229.0,15.43,26.0,26.31,166.0,19.76,291.0,21.3,109.0,15.23,231.0,17.34,76.0,26.0,131,10.0,3,March Madness,1,No,No,No,No
Wofford,2025,64.0,333,64.6,336,113.6,67,112.8,51,109.5,231,108.7,246,19.3,335.0,17.6,188.0,53.2791327913279,74,16.8975883733071,164,35.5454545454545,27,31.0569105691057,239,16.3048105576841,314,44.8701575138357,316,38.8250319284802,27,19.5046439628483,148,43.609022556391,343,36.8863334807607,26,64.6329,336,64.0297,333,112.782,51,113.635,67,108.737,246,109.478,231,4.15756,120,54.6113989637306,53,34.5454545454545,138,66.8411867364747,332,8.82352941176471,196,51.7857142857143,218,34.4913151364764,224,69.3396226415094,35,9.74093264248705,218,47.6964769647696,23,45.8475540386803,346,54.9939831528279,98,49.1569390402075,108,0.0854480321150188,278,0.0955289797240941,173,76.45,303.0,-0.69,237.0,-1.27,330.0,-2.11,356.0,-0.32,220.0,0.6,133.0,-0.98,303.0,2.11773,107.0,31.75,167.0,22.05,94.0,19.71,177.0,20.68,148.0,24.0,55.0,13.55,352.0,41.85,72.0,17.0,336.0,11.38,308.0,10.06,206.0,19.67,9.0,31.35,39.0,21.02,260.0,18.29,211.0,15.27,226.0,14.05,199.0,4.099999999999994,2943,3.0,15,March Madness,1,No,No,No,No
Purdue,2025,65.0,297,66.6,257,124.2,7,117.0,15,100.4,63,106.8,192,18.6,291.0,17.6,168.0,56.333870101986,16,15.5665932715449,68,30.9664694280079,150,34.621578099839,130,18.3268482490272,221,49.8054474708171,175,31.8677042801556,166,17.7749360613811,260,51.150895140665,114,31.074168797954,194,66.5761,257,64.97,297,117.029,15,124.23,7,106.819,192,100.394,63,23.8366,19,55.5073720728534,37,38.4507042253521,10,73.0232558139535,147,5.26810912511759,356,56.4440263405456,350,30.7206068268015,27,72.6480836236934,219,8.75975715524718,127,38.1105743424584,192,42.6645091693635,299,57.7217962760131,53,58.0071174377224,317,0.0983153259255466,163,0.0883017279146113,89,77.2,182.0,0.41,140.0,0.63,101.0,-0.11,191.0,0.02,182.0,-0.97,276.0,0.52,109.0,1.73675,186.0,29.6,230.0,20.09,143.0,21.46,108.0,20.21,162.0,16.21,323.0,22.02,123.0,42.62,58.0,28.33,137.0,8.19,347.0,14.79,72.0,6.04,286.0,20.94,320.0,24.63,134.0,15.72,310.0,16.99,149.0,21.71,10.0,23.8,230,20.0,4,March Madness,1,No,No,No,No
Robert Morris,2025,67.8,141,68.7,142,107.0,171,110.1,92,104.9,134,101.5,71,18.1,246.0,16.9,39.0,51.3374485596708,144,18.4596384987461,272,35.2586206896552,33,38.4259259259259,41,21.2312549329124,68,49.171270718232,190,29.5974743488556,231,17.7901023890785,259,52.3890784982935,70,29.820819112628,251,68.6535,142,67.7636,141,110.137,92,106.969,171,101.539,71,104.882,134,2.08632,139,50.7328990228013,188,34.9162011173184,120,72.0214190093708,193,11.8506493506494,58,49.8376623376623,129,34.1642228739003,205,72.6480836236934,219,9.44625407166124,192,36.8312757201646,235,35.632183908046,75,60.7101947308133,22,51.357733175915,169,0.0918648676463419,221,0.101398014288887,227,76.9,224.0,-0.66,233.0,-0.27,216.0,-0.11,191.0,0.02,183.0,-0.52,243.0,-0.47,234.0,1.44466,237.0,26.8,289.0,22.81,79.0,20.27,154.0,18.86,211.0,19.15,250.0,18.88,221.0,32.99,233.0,29.9,105.0,17.19,195.0,11.08,173.0,8.79,156.0,35.31,11.0,21.48,241.0,14.73,330.0,16.08,189.0,12.36,284.0,2.0999999999999943,3425,15.0,15,March Madness,1,No,No,No,No
Omaha,2025,67.7,145,69.1,119,111.0,96,112.5,59,110.5,252,109.8,273,17.3,141.0,17.3,92.0,53.4908700322234,69,15.7469626009638,82,29.1512915129151,205,36.358754027927,78,19.935691318328,124,48.2315112540193,219,31.8327974276527,168,20.3208556149733,104,44.5084327437269,332,35.1707116412999,54,69.0609,119,67.7007,145,112.458,59,111.049,96,109.839,273,110.542,252,0.5072,156,52.49343832021,123,36.7176634214186,44,73.2644017725258,140,7.31225296442688,286,53.4584980237154,283,35.0985221674877,259,71.9068413391557,166,8.31146106736658,84,38.6143931256713,176,44.5175438596491,335,49.537037037037,243,51.452784503632,175,0.0846172990339148,284,0.0832598022579696,40,77.4,145.0,-0.89,269.0,0.91,64.0,0.45,122.0,-0.28,217.0,0.78,115.0,0.01,175.0,1.78799,167.0,31.14,178.0,10.43,363.0,21.21,121.0,24.64,44.0,20.05,200.0,23.64,84.0,38.1,133.0,19.99,293.0,19.53,140.0,13.38,110.0,8.94,153.0,19.23,343.0,24.7,130.0,27.08,16.0,15.31,223.0,13.64,217.0,0.5,3801,3.0,15,March Madness,1,No,No,No,No
Texas Tech,2025,65.4,281,66.4,266,125.3,6,119.9,7,97.2,37,100.0,41,18.0,238.0,18.0,262.0,55.4554554554555,30,14.7865999247187,32,34.257602862254,53,29.7297297297297,280,17.0037453183521,292,45.0187265917603,312,37.9775280898876,41,19.5515695067265,146,53.2735426008969,46,27.1748878923767,325,66.404,266,65.4081,281,119.883,7,125.286,6,100.015,41,97.2353,37,28.0507,7,54.3399638336347,63,37.8923766816144,19,76.4309764309764,45,8.11688311688312,245,48.2142857142857,71,31.7111459968603,61,69.5374800637959,41,8.04701627486438,65,44.6446446446446,60,34.0823970037453,32,58.3599574014909,48,44.9748743718593,31,0.0966297563469458,180,0.0912364676206046,124,76.56,285.0,0.56,119.0,-1.11,321.0,-0.55,259.0,-0.78,277.0,-1.35,301.0,-0.28,212.0,2.6491,39.0,29.75,224.0,23.93,51.0,22.55,85.0,18.32,226.0,19.78,214.0,15.39,326.0,50.12,11.0,20.88,278.0,13.46,266.0,9.9,214.0,5.58,302.0,30.53,58.0,19.63,293.0,18.09,217.0,15.66,206.0,16.06,111.0,28.099999999999994,77,2.0,3,March Madness,1,No,No,No,No
McNeese,2025,65.3,283,65.8,297,114.3,63,114.4,39,100.6,66,97.6,19,17.6,161.0,18.6,346.0,53.2731376975169,75,16.2219118331741,115,34.6704871060172,42,35.665914221219,103,19.1434689507495,164,51.0492505353319,130,29.8072805139186,226,18.9733266230498,179,42.6774031202818,353,38.3492702566683,12,65.821,297,65.3476,283,114.387,39,114.252,63,97.5513,19,100.567,66,13.6854,59,53.1668153434434,99,35.6374807987711,77,70.7278481012658,235,11.8362831858407,59,46.9026548672566,35,32.1926489226869,84,70.8646616541353,115,8.8314005352364,133,36.7381489841986,240,46.6036621382162,351,50.1207729468599,227,55.0147492625369,264,0.133303928055086,11,0.0940968903918253,160,77.05,202.0,-0.67,234.0,-0.91,288.0,0.09,169.0,0.13,171.0,0.61,131.0,-0.79,284.0,2.76355,28.0,34.44,92.0,14.84,321.0,19.75,174.0,17.86,243.0,27.73,11.0,19.83,186.0,38.4,127.0,22.46,247.0,20.2,127.0,9.97,211.0,8.97,151.0,28.05,117.0,22.93,196.0,18.4,208.0,14.98,243.0,15.64,125.0,13.700000000000005,1205,2.0,12,March Madness,1,No,No,No,No
Clemson,2025,64.2,327,65.1,324,118.7,24,115.1,32,94.7,16,98.5,24,17.7,184.0,19.1,363.0,53.6317135549872,64,15.7230912964714,79,33.7283500455788,67,28.1841432225064,316,16.7526796347757,301,50.0198491464867,165,33.2274712187376,124,16.3820950622981,319,52.0535302261191,85,31.5643747115828,163,65.0748,324,64.2472,327,115.072,32,118.657,24,98.5179,24,94.7295,16,23.9275,18,52.3255813953488,130,37.150466045273,31,76.5880217785844,41,10.411198600175,113,49.3438320209974,116,32.112676056338,80,69.4716242661448,36,8.05647840531561,67,38.4143222506394,182,38.3162439287642,159,52.2552255225523,160,43.6868686868687,20,0.112568218847201,62,0.0925155806719913,134,77.95,77.0,1.62,32.0,1.44,39.0,0.25,143.0,0.39,141.0,0.01,195.0,1.53,27.0,3.02466,8.0,26.49,291.0,22.62,82.0,20.05,164.0,15.54,309.0,24.59,43.0,17.17,279.0,31.27,259.0,31.65,73.0,17.25,192.0,7.44,289.0,12.32,70.0,27.3,140.0,29.63,24.0,16.83,262.0,14.02,282.0,12.17,293.0,24.0,220,15.0,5,March Madness,1,No,No,No,No
Mount St. Mary's,2025,67.4,170,67.5,204,100.1,292,101.6,282,106.8,176,102.1,78,17.6,167.0,18.0,283.0,51.0331702011963,163,21.7212185559371,359,31.1172668513389,142,31.0494834148994,240,18.1778552746295,230,47.4280732345248,251,34.3940714908457,98,17.0488965815664,293,46.7330160103851,286,36.2180874080485,33,67.4682,204,67.3573,170,101.563,282,100.145,292,102.06,78,106.813,176,-6.66831,250,50.1382488479263,217,34.8806366047745,122,73.0297723292469,146,7.94223826714801,258,48.7364620938628,91,31.3835770528684,51,74.0601503759399,280,9.49308755760369,197,41.0005437737901,132,44.5167751627441,334,60.5947955390335,23,52.014652014652,190,0.0871503066297273,265,0.127849942213153,361,76.89,227.0,-0.66,232.0,0.4,121.0,-0.41,240.0,-1.2,309.0,0.29,159.0,-0.13,199.0,1.41394,240.0,28.22,268.0,21.11,114.0,22.66,78.0,20.13,163.0,16.08,326.0,19.95,183.0,39.21,107.0,31.46,80.0,13.76,258.0,9.82,221.0,5.65,300.0,24.94,213.0,24.45,140.0,12.04,359.0,19.85,61.0,18.65,45.0,-6.700000000000003,5740,1.0,16,March Madness,1,No,No,No,No
UCLA,2025,64.9,301,66.6,259,116.8,35,112.4,61,95.1,17,98.9,29,18.0,228.0,18.2,311.0,52.9681597409606,82,15.9157731650205,91,32.8287606433302,91,32.9195898542903,181,17.9347826086957,248,52.5919732441472,81,29.4732441471572,234,20.3994293865906,95,44.5078459343795,333,35.09272467903,56,66.5613,259,64.8881,301,112.395,61,116.849,35,98.9106,29,95.0867,17,21.7624,27,53.0801687763713,105,35.1796407185629,100,70.327868852459,247,10.5032822757112,110,51.2035010940919,193,33.1536388140162,130,74.869109947644,309,7.0042194092827,16,36.0496492174852,257,44.8067632850242,337,60.5324074074074,24,57.843137254902,316,0.121598384948092,34,0.0849780219135313,54,78.1,57.0,1.47,44.0,0.88,76.0,0.96,55.0,-0.11,194.0,1.29,70.0,1.18,54.0,2.23244,83.0,35.53,71.0,24.38,41.0,23.75,50.0,15.07,317.0,21.22,144.0,15.53,321.0,35.97,179.0,20.83,279.0,24.1,49.0,10.49,192.0,8.53,172.0,25.59,188.0,20.87,262.0,24.24,42.0,17.26,135.0,11.98,301.0,21.700000000000003,359,6.0,7,March Madness,1,No,No,No,No
American University,2025,63.5,349,63.7,357,102.1,252,104.6,215,108.0,205,105.1,160,19.7,356.0,18.0,285.0,51.8044237485448,120,16.7600463678516,156,23.767258382643,335,29.4528521536671,291,17.7449168207024,259,44.8243992606285,318,37.4306839186691,46,18.4947223497017,218,53.4189995410739,44,28.0862781092244,310,63.6519,357,63.4741,349,104.618,215,102.054,252,105.086,160,108.03,205,-5.9762,237,51.1064278187566,175,35.110533159948,103,75.8893280632411,58,5.28714676390155,355,53.0537830446673,269,33.5526315789474,168,69.2439862542955,33,9.48366701791359,194,44.7613504074505,58,35.6598240469208,77,52.0529801324503,167,50.381679389313,142,0.0975656877897991,170,0.0874227202472952,80,76.47,297.0,-0.55,228.0,-0.41,231.0,0.89,61.0,-0.73,274.0,-2.88,348.0,-0.48,240.0,2.54004,50.0,32.55,146.0,30.24,2.0,18.32,234.0,13.38,350.0,18.95,254.0,19.05,213.0,27.95,317.0,14.72,347.0,36.1,4.0,11.03,177.0,10.1,115.0,29.27,88.0,17.25,341.0,27.56,13.0,11.2,352.0,14.65,163.0,-5.900000000000006,5509,2.0,16,March Madness,1,No,No,No,No
Mississippi State,2025,68.1,124,69.7,86,118.7,23,113.2,47,98.6,47,105.0,157,16.5,54.0,17.7,210.0,51.7422434367542,122,15.0852574915924,39,34.0764331210191,57,31.6467780429594,212,17.629179331307,268,50.6838905775076,147,31.6869300911854,176,19.1663261136085,165,43.5635472006539,344,37.2701266857376,21,69.7482,86,68.1184,124,113.152,47,118.738,23,105.036,157,98.6329,47,20.1048,32,55.1695616211745,43,31.3769751693002,298,69.9849170437406,262,14.0977443609023,17,50.093984962406,146,36.104513064133,314,69.4814814814815,37,8.60215053763441,109,42.291169451074,99,44.1762854144806,326,53.3333333333333,129,53.1660692951016,217,0.130652942377325,16,0.0868154419744066,69,77.34,154.0,0.61,109.0,-0.01,173.0,0.63,101.0,1.11,62.0,-1.64,316.0,0.3,138.0,2.27205,77.0,31.82,165.0,22.92,72.0,17.13,286.0,13.69,342.0,20.89,162.0,25.37,46.0,37.61,143.0,25.93,183.0,22.76,64.0,10.84,182.0,2.87,364.0,32.79,21.0,22.53,209.0,16.92,259.0,16.31,179.0,11.45,317.0,20.10000000000001,467,3.0,8,March Madness,1,No,No,No,No
Oregon,2025,67.6,151,68.6,144,116.6,39,110.0,96,96.5,31,102.4,85,17.1,99.0,17.9,258.0,52.2480620155039,105,16.249419858582,120,30.5530371713509,162,33.3850129198966,170,19.6023856858847,140,50.0994035785288,161,30.2982107355865,214,16.9158479282358,299,52.9688167449808,54,30.1153353267834,237,68.6042,144,67.5961,151,110.017,96,116.63,39,102.377,85,96.4841,31,20.1456,31,53.030303030303,108,34.0026773761713,171,76.3157894736842,49,10.0725221595488,130,49.9597099113618,141,31.7139001349528,62,72.1311475409836,180,8.75420875420875,124,38.6046511627907,177,37.3864783047427,123,54.4117647058824,107,50.2923976608187,137,0.103087717382402,128,0.0873624723579677,78,77.5,129.0,1.72,29.0,1.78,20.0,-0.11,191.0,-0.96,293.0,-0.96,275.0,1.75,20.0,2.68424,31.0,28.87,256.0,25.24,30.0,19.31,195.0,18.2,233.0,16.57,317.0,20.67,154.0,36.74,158.0,32.64,64.0,13.6,262.0,10.52,190.0,6.48,260.0,31.49,37.0,23.77,164.0,16.97,256.0,14.98,242.0,12.76,267.0,20.099999999999994,473,15.0,5,March Madness,1,No,No,No,No
North Carolina,2025,70.4,34,70.8,46,118.9,22,113.5,43,99.3,53,105.2,161,16.3,40.0,17.7,219.0,54.1706161137441,52,15.1149154547004,41,29.2163543441227,204,34.8341232227488,125,19.1654879773692,161,51.5558698727016,113,29.2786421499293,237,18.4451219512195,222,50.2286585365854,156,31.3262195121951,176,70.7715,46,70.4303,34,113.488,43,118.851,22,105.192,161,99.3025,53,19.5485,33,54.8532731376975,49,35.3393085787452,91,73.7414965986395,122,9.70149253731343,150,49.1791044776119,110,33.4554334554335,161,74.806800618238,308,10.4589917231001,288,37.0142180094787,228,37.9342288096341,147,50.7462686567164,210,47.374062165059,65,0.0825907847126863,299,0.0861991199671241,63,76.42,306.0,-0.17,204.0,-0.25,215.0,-1.06,302.0,-1.48,334.0,-1.0,278.0,-0.21,205.0,2.25722,79.0,30.04,212.0,18.69,205.0,17.2,281.0,22.22,97.0,18.28,268.0,23.56,87.0,37.95,138.0,28.13,143.0,13.62,261.0,14.46,84.0,5.74,294.0,30.35,64.0,20.77,264.0,17.06,253.0,17.16,140.0,14.59,169.0,19.60000000000001,509,4.0,11,March Madness,1,No,No,No,No
Georgia,2025,66.4,221,68.5,149,115.4,54,110.2,91,96.0,26,101.2,67,17.8,208.0,17.4,110.0,52.5138121546961,96,18.8738381933087,291,36.1031518624642,16,39.8342541436464,27,21.3813068651778,61,50.9511993382961,135,27.6674937965261,295,19.2064923354373,161,48.6023444544635,231,32.1911632100992,148,68.5473,149,66.4116,221,110.152,91,115.395,54,101.242,67,96.0075,26,19.3874,34,53.8461538461538,78,33.4834834834835,193,71.7059639389737,206,14.7163120567376,12,47.7836879432624,57,30.8690012970169,32,73.7024221453287,268,9.26573426573426,168,36.7955801104972,239,40.6003159557662,243,47.5566150178784,289,48.7773487773488,103,0.112604783423846,61,0.118075461161037,349,78.91,9.0,1.61,33.0,1.7,27.0,0.24,145.0,1.68,21.0,3.3,3.0,1.65,24.0,1.86219,151.0,31.83,164.0,24.13,45.0,15.74,317.0,19.96,168.0,20.29,190.0,19.83,187.0,42.14,67.0,28.95,124.0,10.62,321.0,9.88,216.0,8.33,181.0,25.24,205.0,21.16,255.0,14.56,334.0,20.84,38.0,18.14,55.0,19.40000000000001,522,3.0,9,March Madness,1,No,No,No,No
Michigan State,2025,67.7,144,69.2,108,118.1,27,112.5,58,90.6,5,96.8,16,17.3,132.0,17.5,149.0,51.1503067484663,151,16.6132513571849,145,35.3260869565217,31,37.8323108384458,47,22.4117875145405,27,54.6723536254362,43,22.9158588600233,356,20.5497972059486,85,49.5718792248761,186,29.8783235691753,247,69.2266,108,67.7088,144,112.538,58,118.141,27,96.7934,16,90.5686,5,27.5728,8,53.5714285714286,86,30.78125,327,78.1081081081081,20,13.2917038358608,27,49.0633363068689,106,27.9393173198483,2,72.1518987341772,185,7.82674772036474,51,32.719836400818,330,41.3702928870293,273,61.529933481153,13,53.4370946822309,224,0.078923845030196,322,0.0863365818562365,65,77.94,78.0,1.98,20.0,1.46,38.0,-0.42,243.0,-0.22,209.0,0.88,97.0,1.72,21.0,1.60914,214.0,40.92,16.0,16.59,271.0,19.94,166.0,21.55,116.0,23.49,69.0,18.43,235.0,32.7,237.0,36.01,33.0,18.63,159.0,9.11,243.0,3.55,356.0,24.73,217.0,31.74,10.0,16.38,285.0,15.41,217.0,11.73,309.0,27.5,93,30.0,2,March Madness,1,No,No,No,No
Norfolk State,2025,66.3,226,67.4,211,107.1,168,110.3,87,108.7,217,104.7,147,18.0,236.0,17.8,221.0,52.3974581166956,98,18.2933710287645,258,32.8141225337487,93,38.9948006932409,34,21.8776916451335,45,58.7424633936262,6,19.3798449612403,361,19.936421435059,126,45.0499545867393,324,35.0136239782016,61,67.3721,211,66.3283,226,110.269,87,107.141,168,104.695,147,108.668,217,-1.52721,180,54.5163868904876,57,31.25,306,75.2592592592593,75,8.96551724137931,194,48.8669950738916,97,33.9498018494055,190,71.0355987055016,123,9.27258193445244,169,27.7296360485269,360,42.7200902934537,301,49.2788461538462,251,59.2297476759628,332,0.0945553463564713,195,0.101207481276022,226,77.08,196.0,1.1,71.0,0.36,125.0,-0.92,294.0,-1.24,310.0,0.06,191.0,0.73,80.0,2.13649,102.0,34.75,84.0,15.13,319.0,21.56,105.0,14.91,323.0,24.25,50.0,24.09,76.0,30.41,277.0,33.32,57.0,20.73,109.0,8.59,259.0,6.86,234.0,21.97,295.0,26.79,71.0,22.98,64.0,13.97,284.0,14.22,188.0,-1.6000000000000083,4403,12.0,16,March Madness,1,No,No,No,No
Montana,2025,67.0,193,67.5,203,110.8,98,111.6,66,110.4,250,110.2,286,17.6,177.0,17.9,257.0,56.3620071684588,13,16.2363556285636,118,22.5701943844492,347,36.2007168458781,86,19.3244976485678,157,51.8170158187259,104,28.8584865327063,251,18.4017278617711,224,53.9956803455724,32,27.6025917926566,319,67.4715,203,67.0242,193,111.586,66,110.777,98,110.248,286,110.393,250,0.384235,157,57.2778827977316,17,36.525974025974,55,74.5874587458746,95,8.07823129251701,248,53.1462585034014,270,33.7025316455696,175,73.9583333333333,275,8.50661625708885,101,36.7980884109916,238,34.9557522123894,54,49.338146811071,249,45.5847255369928,35,0.0895142187146615,246,0.0823721267959385,34,76.55,288.0,-1.24,297.0,-2.09,358.0,-0.7,279.0,0.41,138.0,0.33,156.0,-1.66,350.0,2.59182,46.0,29.61,228.0,16.95,251.0,21.91,96.0,21.91,105.0,23.07,79.0,16.13,307.0,29.85,285.0,21.72,260.0,27.88,20.0,8.92,250.0,11.56,86.0,20.67,324.0,21.29,251.0,24.12,45.0,21.76,25.0,12.13,296.0,0.3999999999999915,3838,11.0,14,March Madness,1,No,No,No,No
Bryant,2025,72.4,7,73.1,6,106.7,178,109.6,102,105.5,148,101.3,68,16.0,25.0,16.8,29.0,50.9874759152216,166,16.5126584635354,134,34.199837530463,54,30.4431599229287,260,17.658498638662,265,54.2201478024115,53,28.1213535589265,272,18.4486373165618,221,51.7400419287212,97,29.811320754717,253,73.1396,6,72.444,7,109.621,102,106.681,178,101.303,68,105.503,148,1.17845,149,51.4771048744461,161,33.3795013850416,198,71.8354430379747,197,14.8119723714505,10,47.3522640061397,46,32.2010869565217,85,72.013093289689,174,5.68685376661743,2,34.7784200385356,285,36.096125551741,90,48.7206823027719,263,42.8571428571429,17,0.0902238039760183,237,0.0915005559190752,125,79.06,6.0,0.16,166.0,0.91,64.0,1.74,19.0,2.68,2.0,3.78,2.0,0.54,105.0,2.62467,43.0,22.76,338.0,20.02,147.0,17.07,290.0,22.41,89.0,23.73,63.0,16.75,288.0,35.67,188.0,13.04,357.0,21.59,85.0,14.75,75.0,14.92,32.0,25.67,186.0,21.09,258.0,16.8,265.0,18.58,93.0,17.83,62.0,1.2000000000000028,3619,2.0,15,March Madness,1,No,No,No,No
Marquette,2025,67.6,156,68.1,172,117.7,32,112.2,62,96.1,28,100.3,46,16.0,24.0,18.9,359.0,52.0348837209302,114,13.5084427767355,8,30.1164725457571,176,26.0658914728682,341,15.3330705557745,343,48.0094599921167,227,36.6574694521088,60,18.0813439434129,244,50.7515473032714,128,31.1671087533156,186,68.1294,172,67.5594,156,112.213,62,117.662,32,100.274,46,96.0836,28,21.5779,28,54.9143372407574,48,32.4607329842932,245,72.3048327137546,177,10.912343470483,95,51.3416815742397,199,31.7567567567568,64,72.7758007117438,226,8.65644724977457,113,46.2693798449612,40,39.8277717976319,217,49.5103373231774,244,60.0741656365884,344,0.131552808740757,15,0.0812272376117426,24,78.33,35.0,0.65,105.0,0.84,80.0,0.18,154.0,1.68,21.0,2.29,15.0,0.75,79.0,2.0794,115.0,26.07,298.0,15.5,310.0,21.58,104.0,16.2,293.0,27.18,15.0,19.49,201.0,27.4,323.0,20.66,281.0,18.06,172.0,9.62,225.0,24.2,2.0,19.41,341.0,22.13,224.0,20.23,145.0,20.28,52.0,17.9,60.0,21.60000000000001,365,4.0,7,March Madness,1,No,No,No,No
Baylor,2025,64.5,319,65.4,311,120.8,16,113.2,46,99.7,58,104.9,152,18.4,281.0,18.1,298.0,51.5412748171369,136,16.1112802379224,106,35.573476702509,25,31.0344827586207,242,18.3360927152318,220,48.5099337748344,214,33.1539735099338,126,18.6182144459399,204,46.9268730372364,282,34.4549125168237,74,65.4265,311,64.5147,319,113.197,46,120.81,16,104.882,152,99.6652,58,21.1453,29,51.2237762237762,168,34.6753246753247,131,74.5791245791246,96,8.19047619047619,243,49.8095238095238,128,35.4080221300138,277,69.8653198653199,59,11.013986013986,310,40.2298850574713,147,40.7783417935702,251,53.4583821805393,124,59.8202824133504,340,0.11099922722057,69,0.0866449663958036,67,76.94,217.0,-1.02,282.0,-0.37,225.0,-0.13,215.0,0.03,181.0,0.15,179.0,-0.69,272.0,2.74058,29.0,28.41,264.0,15.18,316.0,24.56,40.0,22.85,77.0,17.29,297.0,20.1,173.0,26.63,331.0,40.46,10.0,21.17,103.0,6.6,311.0,5.11,316.0,23.33,261.0,34.36,2.0,18.97,187.0,12.83,323.0,10.5,344.0,21.099999999999994,397,22.0,9,March Madness,1,No,No,No,No
Memphis,2025,70.8,27,71.4,33,113.1,72,111.2,73,97.8,40,101.6,73,16.1,26.0,17.7,195.0,53.6404160475483,63,19.1727176307416,306,35.0682593856655,37,39.4254581475978,30,20.5137614678899,94,51.5229357798165,115,27.9633027522936,284,19.7590361445783,137,47.710843373494,260,32.5301204819277,132,71.3607,33,70.7967,27,111.221,73,113.135,72,101.601,73,97.7811,40,15.3544,51,52.0,140,37.9671150971599,18,70.2261306532663,250,13.0825838103025,32,48.5690923957482,87,32.2195704057279,86,71.0982658959538,127,9.40740740740741,186,33.1352154531947,323,40.6598738476468,246,51.9874476987448,170,54.0509259259259,236,0.107693562862038,90,0.106061842212613,272,76.47,298.0,0.52,127.0,-0.48,237.0,-1.97,352.0,-0.69,268.0,-1.06,284.0,0.02,174.0,3.12166,6.0,23.83,328.0,21.91,96.0,15.57,322.0,18.91,208.0,25.56,32.0,17.98,257.0,46.48,22.0,25.57,189.0,7.07,354.0,11.45,159.0,9.35,139.0,31.55,36.0,22.2,220.0,10.6,364.0,20.02,59.0,15.55,128.0,15.299999999999995,961,7.0,5,March Madness,1,No,No,No,No
Utah State,2025,67.5,159,67.3,217,120.7,17,118.7,10,105.5,149,105.0,154,16.5,56.0,19.0,362.0,55.9924078091106,21,15.9706585575338,96,34.622641509434,43,37.6355748373102,52,19.0830721003135,171,48.1191222570533,221,32.7978056426332,140,20.0797872340426,116,45.2127659574468,321,34.7074468085106,66,67.3109,217,67.5452,159,118.7,10,120.734,17,104.996,154,105.509,149,15.2243,52,57.7067669172932,12,35.7692307692308,69,70.1729106628242,254,9.39112487100103,162,52.6315789473684,257,33.764553686934,178,71.9047619047619,165,9.49248120300752,196,42.2993492407809,97,44.3742824339839,329,61.1422172452408,17,58.3657587548638,322,0.124886835813273,29,0.0988880893242647,207,77.29,169.0,1.11,69.0,-0.48,236.0,-1.29,325.0,-0.32,220.0,1.41,59.0,0.31,136.0,2.1613,95.0,35.7,70.0,18.5,211.0,18.29,237.0,14.74,326.0,26.4,21.0,22.0,125.0,30.77,269.0,30.06,101.0,10.17,329.0,13.61,104.0,15.34,28.0,20.48,330.0,23.65,171.0,12.58,355.0,20.23,53.0,23.0,2.0,15.200000000000005,974,1.0,10,March Madness,1,No,No,No,No
Illinois,2025,71.3,18,72.4,16,121.6,15,115.1,30,98.1,41,102.5,87,16.9,88.0,16.5,8.0,52.318977756744,104,15.8363164977217,87,36.0066833751044,18,34.5953620444865,132,20.0650759219089,115,46.4208242950108,283,33.5140997830803,115,16.7749796913079,306,56.5393988627132,9,26.6856214459789,337,72.3857,16,71.3251,18,115.12,30,121.625,15,102.486,87,98.0613,41,23.5642,20,57.2702943800178,18,31.1491935483871,316,75.9233926128591,56,9.13907284768212,185,46.0927152317881,19,33.2826747720365,143,71.2068965517241,133,8.8314005352364,133,46.9474680548983,30,30.3505535055351,3,51.9453207150368,172,45.792349726776,36,0.0602694459887047,359,0.0872867838457102,77,78.84,14.0,2.06,17.0,1.58,33.0,2.06,10.0,1.99,13.0,0.48,140.0,1.82,15.0,1.07917,301.0,30.94,186.0,21.03,115.0,17.33,273.0,21.4,125.0,21.41,137.0,18.77,228.0,34.13,215.0,15.8,341.0,19.57,139.0,14.75,73.0,15.68,24.0,32.22,25.0,14.92,361.0,20.4,140.0,18.93,83.0,13.47,225.0,23.5,244,8.0,6,March Madness,1,No,No,No,No
Drake,2025,58.8,364,59.5,364,112.6,76,113.3,45,98.5,46,98.3,22,22.0,364.0,18.1,309.0,53.8237200259235,58,18.6041567001541,279,36.045197740113,17,42.9682436811406,11,22.018779342723,40,49.9530516431925,168,28.0281690140845,276,19.9784017278618,122,51.1879049676026,113,28.8336933045356,287,59.5278,364,58.8037,364,113.293,45,112.596,76,98.3466,22,98.4557,46,14.14,58,54.5641025641026,56,35.0352112676056,110,70.7390648567119,234,8.47651775486827,220,54.2955326460481,303,31.7857142857143,65,72.1247563352827,179,7.69230769230769,44,36.8114063512638,237,39.0788555478018,190,54.172366621067,112,48.0061349693252,83,0.145643969595492,1,0.0855791208207091,59,77.32,159.0,-1.73,337.0,-0.94,294.0,-0.11,191.0,0.96,71.0,2.4,12.0,-1.34,330.0,0.326841,358.0,24.4,318.0,23.1,70.0,18.7,214.0,15.89,301.0,21.86,121.0,20.43,160.0,43.53,42.0,22.71,242.0,11.45,306.0,9.81,222.0,12.48,67.0,30.21,67.0,14.97,359.0,13.79,346.0,17.53,125.0,23.48,1.0,14.099999999999994,1154,1.0,11,March Madness,1,No,No,No,No
Liberty,2025,65.3,284,66.4,265,112.5,80,111.5,69,98.9,48,96.9,17,18.6,290.0,17.3,104.0,58.4473527662106,2,15.3319710288623,50,18.9217758985201,361,30.9339678762641,244,14.7505422993492,347,43.9913232104121,336,41.2581344902386,8,17.3891380169407,276,56.6018933731938,8,26.0089686098655,343,66.4331,265,65.3131,284,111.512,69,112.45,80,96.8666,17,98.9169,48,13.533,62,57.679180887372,13,39.5261845386534,5,65.3846153846154,348,7.77027027027027,271,47.972972972973,62,28.0193236714976,3,73.6286919831224,266,9.10125142207053,158,47.7096966091612,22,34.404432132964,42,61.1650485436893,16,39.3530997304582,3,0.0914114361026807,227,0.0899604609264477,109,75.67,347.0,-1.27,299.0,-0.3,219.0,0.0,180.0,-3.11,361.0,-2.97,352.0,-0.79,283.0,1.8927,143.0,21.29,349.0,20.88,119.0,17.88,253.0,22.66,82.0,21.61,130.0,16.95,282.0,43.23,45.0,32.8,61.0,13.98,253.0,5.4,336.0,4.56,335.0,25.64,187.0,23.76,166.0,23.92,47.0,16.39,175.0,10.27,345.0,13.599999999999994,1237,10.0,12,March Madness,1,No,No,No,No
Texas A&M,2025,66.1,237,67.5,202,116.2,44,109.4,110,92.1,7,99.5,34,17.1,116.0,18.3,321.0,47.4726420010422,317,18.1506967340234,249,42.0454545454545,1,41.6883793642522,17,23.380992430614,13,48.3599663582843,217,28.2590412111018,269,21.9871205151794,40,39.9264029438822,362,38.0864765409384,14,67.4829,202,66.1349,237,109.403,110,116.209,44,99.5409,34,92.1256,7,24.083,17,47.9966611018364,293,31.0679611650485,317,69.5,274,13.9186295503212,20,46.4668094218415,27,33.3736396614268,154,76.8488745980707,353,14.7746243739566,364,37.5716519020323,208,46.961953435548,352,47.6846057571965,286,64.7887323943662,363,0.110742225643029,73,0.117175383979138,344,77.45,136.0,-0.89,268.0,-0.04,177.0,1.05,49.0,0.91,74.0,0.17,175.0,-0.47,235.0,2.97519,11.0,39.03,30.0,22.41,88.0,12.47,360.0,13.89,340.0,23.79,62.0,27.38,26.0,38.89,112.0,31.3,83.0,17.97,175.0,6.91,304.0,4.86,328.0,21.23,313.0,24.0,152.0,18.44,205.0,17.11,143.0,19.15,34.0,24.10000000000001,213,6.0,4,March Madness,1,No,No,No,No
Kentucky,2025,70.9,23,72.7,11,123.8,8,116.9,17,99.5,56,106.8,191,16.3,41.0,16.8,25.0,56.0009837678308,20,15.200598056317,44,28.6821705426357,221,35.858337432366,96,19.1119005328597,168,47.1047957371226,259,33.7833037300178,111,18.1322957198444,240,49.1828793774319,209,32.6848249027237,128,72.7146,11,70.9278,23,116.923,17,123.783,8,106.759,191,99.5245,56,24.258,16,55.9493670886076,33,37.3820754716981,26,73.7997256515775,119,11.2903225806452,78,53.6502546689304,289,30.8370044052863,31,72.0247295208655,176,8.0168776371308,62,41.711756025578,115,43.5282837967402,316,56.734693877551,67,46.2719298245614,47,0.0926156657529695,212,0.0863859124512003,66,78.55,22.0,1.18,60.0,1.57,35.0,1.5,28.0,1.29,50.0,1.18,77.0,1.38,42.0,3.05353,7.0,39.4,24.0,18.63,207.0,20.85,131.0,20.46,154.0,20.45,183.0,19.6,196.0,28.8,307.0,31.59,76.0,7.17,353.0,17.2,35.0,15.23,29.0,23.42,257.0,29.43,27.0,16.06,295.0,17.64,120.0,13.44,226.0,24.3,201,1.0,3,March Madness,1,No,No,No,No
Missouri,2025,68.2,121,70.0,79,125.3,5,120.4,6,100.9,73,105.1,158,16.5,55.0,17.6,174.0,56.1974789915966,18,15.2371086183547,47,33.7327188940092,66,46.8487394957983,2,23.2149264442052,17,45.3534266236096,305,31.4316469321851,184,20.9684037751334,68,49.2408699220353,203,29.7907263028313,254,69.9508,79,68.192,121,120.367,6,125.286,5,105.067,158,100.869,73,24.4173,15,56.7324955116697,20,36.9620253164557,36,72.5336322869955,166,7.48936170212766,279,51.063829787234,186,33.3793103448276,155,76.1549925484352,348,10.4129263913824,285,41.4915966386555,119,38.1578947368421,155,49.025974025974,255,48.3372921615202,91,0.133810302314163,10,0.0928039193469194,140,78.28,41.0,1.25,57.0,1.65,30.0,0.39,131.0,0.18,165.0,1.88,28.0,1.45,32.0,2.67261,35.0,37.94,44.0,14.08,338.0,22.62,79.0,21.4,124.0,20.57,178.0,21.27,142.0,36.23,172.0,21.54,263.0,15.49,227.0,11.88,146.0,14.76,35.0,30.06,71.0,21.14,256.0,16.87,260.0,13.03,315.0,18.83,40.0,24.39999999999999,198,3.0,6,March Madness,1,No,No,No,No
Kansas,2025,68.3,113,69.2,110,116.0,48,109.0,116,92.7,11,98.8,27,16.6,62.0,18.0,273.0,53.1449631449631,78,16.7283325297811,153,30.4195804195804,166,24.3243243243243,355,13.9960238568588,355,56.779324055666,13,29.2246520874751,238,18.0664916885389,247,48.4689413823272,235,33.4645669291339,103,69.1559,110,68.3493,113,109.004,116,115.968,48,98.7957,27,92.7116,11,23.2568,21,53.3632286995516,90,35.1506456241033,102,71.1111111111111,223,13.0615640599002,33,46.089850249584,18,30.9466019417476,36,72.7112676056338,221,8.89387144992526,141,34.2506142506142,297,40.6712734452122,247,60.8967674661105,19,52.6576019777503,206,0.0892755570242203,247,0.106610616640574,278,77.96,74.0,3.46,2.0,0.28,133.0,0.72,92.0,-0.15,200.0,-0.53,245.0,1.87,13.0,3.639,1.0,28.34,265.0,27.92,10.0,18.16,241.0,18.02,237.0,20.14,195.0,15.69,317.0,43.5,43.0,28.31,139.0,15.64,224.0,6.21,320.0,6.24,277.0,36.63,6.0,17.34,339.0,15.1,325.0,17.45,127.0,13.4,232.0,23.3,254,22.0,7,March Madness,1,No,No,No,No
Vanderbilt,2025,69.4,64,70.2,63,117.9,30,113.0,48,101.8,83,106.2,179,16.5,58.0,17.7,196.0,51.6675088428499,128,14.7236543045623,29,32.1582115219261,111,34.0070742799394,150,19.7409733124019,134,49.7645211930926,179,30.4945054945055,207,20.9778520685332,67,48.0568324279147,248,30.965315503552,203,70.2044,63,69.4434,64,113.04,48,117.932,30,106.248,179,101.771,83,16.1607,49,53.592561284869,85,32.5376884422111,239,74.739970282318,90,11.3697403760072,75,51.4771709937332,207,36.9207772795217,337,72.0229555236729,175,11.4116652578191,323,40.22233451238,149,37.458006718925,125,50.0559910414334,228,47.323600973236,63,0.128166749819835,21,0.0816009756638395,28,76.46,300.0,-1.87,345.0,-0.49,238.0,-0.85,288.0,0.15,168.0,-0.65,250.0,-1.18,316.0,2.37528,66.0,37.99,43.0,20.47,130.0,20.27,153.0,14.74,325.0,21.29,141.0,23.2,95.0,29.6,288.0,41.02,7.0,16.86,199.0,6.19,321.0,6.27,274.0,22.93,270.0,29.45,26.0,17.25,244.0,15.85,197.0,14.47,172.0,16.10000000000001,851,1.0,10,March Madness,1,No,No,No,No
San Diego State,2025,66.0,245,66.2,278,109.8,111,105.0,203,93.5,13,96.3,13,18.1,241.0,18.4,342.0,50.6662628709873,182,16.8047673832392,159,29.3401015228426,201,32.0411871592974,205,17.4234945705824,277,51.0365251727542,131,31.5399802566634,180,22.3118279569892,36,40.752688172043,360,36.9354838709677,23,66.1761,278,66.0384,245,104.984,203,109.799,111,96.3478,13,93.5294,13,16.27,46,51.6483516483516,153,32.7692307692308,228,66.7296786389414,334,18.5493460166468,1,45.0653983353151,8,30.3713527851459,19,69.9831365935919,63,8.59140859140859,108,39.3700787401575,169,47.2727272727273,354,50.6849315068493,214,50.0,127,0.112721208909112,59,0.0899701392210344,110,78.13,51.0,1.68,30.0,1.91,16.0,1.21,39.0,-0.12,196.0,-0.06,201.0,1.79,17.0,1.52898,227.0,33.85,112.0,16.43,278.0,19.58,182.0,20.74,145.0,23.6,67.0,19.62,195.0,40.68,85.0,25.95,182.0,14.92,238.0,8.97,248.0,9.45,134.0,22.32,286.0,23.04,192.0,20.51,135.0,19.43,74.0,14.68,160.0,16.299999999999997,826,8.0,11,March Madness,1,No,No,No,No
Saint Mary's,2025,61.7,359,63.5,359,115.3,56,114.9,34,92.2,8,95.9,11,20.2,359.0,17.4,121.0,50.8684210526316,171,15.1478133398485,43,40.5211141060198,2,31.4210526315789,225,17.6746166950596,263,55.8773424190801,23,26.4480408858603,314,16.8533604887984,302,56.7209775967413,6,26.4256619144603,341,63.4672,359,61.674,359,114.861,34,115.275,56,95.9112,11,92.1853,8,23.0902,22,51.8167456556082,145,32.6498422712934,232,69.5142378559464,273,10.3703703703704,114,45.843621399177,12,31.2274368231047,44,74.7178329571106,306,7.18799368088468,21,33.3684210526316,316,31.3171283210854,6,57.1263035921205,58,54.1095890410959,239,0.0972391888590276,175,0.0811140972391889,22,78.4,30.0,1.54,38.0,1.08,56.0,0.91,60.0,0.58,122.0,1.88,28.0,1.31,44.0,1.69338,199.0,19.28,359.0,20.34,135.0,21.34,115.0,15.07,316.0,22.64,89.0,20.56,156.0,42.11,68.0,26.4,178.0,22.99,61.0,3.96,358.0,4.47,341.0,24.0,237.0,27.96,50.0,18.98,186.0,12.58,328.0,16.43,95.0,23.099999999999994,265,24.0,7,March Madness,1,No,No,No,No
